Pole_id,Sign_id,Photoname,Sign_category,Transit_category,Status_board,status_word,status,photo_url,lon,lat,details
5,1,Pole5_Sign1.jpg,warning,greenline_related,good,readable,good_readable,https://raw.githubusercontent.com/helenxu0624/Boston_E_Branch_Sign/main/Pole5_Sign1.jpg,-71.111800000000002,42.331499999999998,Do_Not_Pass_Trolley
7,2,Pole7_Sign2.jpg,warning,greenline_related,good,readable,good_readable,https://raw.githubusercontent.com/helenxu0624/Boston_E_Branch_Sign/main/Pole7_Sign2.jpg,-71.111800000000002,42.331299999999999,Do_Not_Pass_Trolley
9,1,Pole9_Sign1.jpg,warning,greenline_related,good,readable,good_readable,https://raw.githubusercontent.com/helenxu0624/Boston_E_Branch_Sign/main/Pole9_Sign1.jpg,-71.111900000000006,42.331400000000002,Do_Not_Pass_Trolley
13,1,Pole13_Sign1.jpg,warning,greenline_related,good,readable,good_readable,https://raw.githubusercontent.com/helenxu0624/Boston_E_Branch_Sign/main/Pole13_Sign1.jpg,-71.111500000000007,42.330300000000001,Do_Not_Pass_Trolley
18,2,Pole18_Sign2.jpg,warning,greenline_related,good,readable,good_readable,https://raw.githubusercontent.com/helenxu0624/Boston_E_Branch_Sign/main/Pole18_Sign2.jpg,-71.111099999999993,42.3294,Do_Not_Pass_Trolley
25,2,Pole25_Sign2.jpg,warning,greenline_related,normal,readable,normal_readable,https://raw.githubusercontent.com/helenxu0624/Boston_E_Branch_Sign/main/Pole25_Sign2.jpg,-71.110900000000001,42.329500000000003,Do_Not_Pass_Trolley
62,1,Pole62_Sign1.jpg,transit,greenline_related,bad,readable,bad_readable,https://raw.githubusercontent.com/helenxu0624/Boston_E_Branch_Sign/main/Pole62_Sign1.jpg,-71.106736100000006,42.333186099999999,Do_Not_Pass_Trolley
65,2,Pole65_Sign2.jpg,transit,greenline_related,normal,readable,normal_readable,https://raw.githubusercontent.com/helenxu0624/Boston_E_Branch_Sign/main/Pole65_Sign2.jpg,-71.106047200000006,42.333419399999997,Do_Not_Pass_Trolley
70,3,Pole70_Sign3.jpg,transit,greenline_related,good,readable,good_readable,https://raw.githubusercontent.com/helenxu0624/Boston_E_Branch_Sign/main/Pole70_Sign3.jpg,-71.105683299999995,42.333644399999997,Do_Not_Pass_Trolley
79,4,Pole79_Sign4.jpg,transit,greenline_related,normal,readable,normal_readable,https://raw.githubusercontent.com/helenxu0624/Boston_E_Branch_Sign/main/Pole79_Sign4.jpg,-71.105727799999997,42.333794400000002,Do_Not_Pass_Trolley
88,2,Pole88_Sign2.jpg,transit,greenline_related,bad,readable,bad_readable,https://raw.githubusercontent.com/helenxu0624/Boston_E_Branch_Sign/main/Pole88_Sign2.jpg,-71.107138899999995,42.3332944,Do_Not_Pass_Trolley
96,1,Pole96_Sign1.jpg,transit,greenline_related,good,readable,good_readable,https://raw.githubusercontent.com/helenxu0624/Boston_E_Branch_Sign/main/Pole96_Sign1.jpg,-71.108794399999994,42.333327799999999,Do_Not_Pass_Trolley
97,3,Pole97_Sign3.jpg,transit,greenline_related,bad,readable,bad_readable,https://raw.githubusercontent.com/helenxu0624/Boston_E_Branch_Sign/main/Pole97_Sign3.jpg,-71.109025000000003,42.3333333,Do_Not_Pass_Trolley
116,1,Pole116_Sign1.jpg,transit,greenline_related,good,readable,good_readable,https://raw.githubusercontent.com/helenxu0624/Boston_E_Branch_Sign/main/Pole116_Sign1.jpg,-71.110327799999993,42.328319399999998,Greenline_Route_Information
1,1,Pole1_Sign1.jpg,transit,greenline_related,good,readable,good_readable,https://raw.githubusercontent.com/helenxu0624/Boston_E_Branch_Sign/main/Pole1_Sign1.jpg,-71.111900000000006,42.331699999999998,Greenline_Stop_Sign
10,1,Pole10_Sign1.jpg,transit,greenline_related,normal,readable,normal_readable,https://raw.githubusercontent.com/helenxu0624/Boston_E_Branch_Sign/main/Pole10_Sign1.jpg,-71.111900000000006,42.331499999999998,Greenline_Stop_Sign
18,1,Pole18_Sign1.jpg,transit,greenline_related,good,readable,good_readable,https://raw.githubusercontent.com/helenxu0624/Boston_E_Branch_Sign/main/Pole18_Sign1.jpg,-71.111099999999993,42.3294,Greenline_Stop_Sign
25,1,Pole25_Sign1.jpg,transit,greenline_related,good,readable,good_readable,https://raw.githubusercontent.com/helenxu0624/Boston_E_Branch_Sign/main/Pole25_Sign1.jpg,-71.110900000000001,42.329500000000003,Greenline_Stop_Sign
26,1,Pole26_Sign1.jpg,transit,greenline_related,good,readable,good_readable,https://raw.githubusercontent.com/helenxu0624/Boston_E_Branch_Sign/main/Pole26_Sign1.jpg,-71.110900000000001,42.329500000000003,Greenline_Stop_Sign
45,2,Pole45_Sign2.jpg,transit,greenline_related,normal,readable,normal_readable,https://raw.githubusercontent.com/helenxu0624/Boston_E_Branch_Sign/main/Pole45_Sign2.jpg,-71.109863899999993,42.333113900000001,Greenline_Stop_Sign
69,1,Pole69_Sign1.jpg,transit,greenline_related,normal,readable,normal_readable,https://raw.githubusercontent.com/helenxu0624/Boston_E_Branch_Sign/main/Pole69_Sign1.jpg,-71.105758300000005,42.333594400000003,Greenline_Stop_Sign
69,2,Pole69_Sign2.jpg,transit,greenline_related,normal,readable,normal_readable,https://raw.githubusercontent.com/helenxu0624/Boston_E_Branch_Sign/main/Pole69_Sign2.jpg,-71.105758300000005,42.333594400000003,Greenline_Stop_Sign
79,2,Pole79_Sign2.jpg,transit,greenline_related,good,readable,good_readable,https://raw.githubusercontent.com/helenxu0624/Boston_E_Branch_Sign/main/Pole79_Sign2.jpg,-71.105727799999997,42.333794400000002,Greenline_Stop_Sign
79,3,Pole79_Sign3.jpg,transit,greenline_related,good,readable,good_readable,https://raw.githubusercontent.com/helenxu0624/Boston_E_Branch_Sign/main/Pole79_Sign3.jpg,-71.105727799999997,42.333794400000002,Greenline_Stop_Sign
97,1,Pole97_Sign1.jpg,transit,greenline_related,good,readable,good_readable,https://raw.githubusercontent.com/helenxu0624/Boston_E_Branch_Sign/main/Pole97_Sign1.jpg,-71.109025000000003,42.3333333,Greenline_Stop_Sign
97,2,Pole97_Sign2.jpg,transit,greenline_related,good,readable,good_readable,https://raw.githubusercontent.com/helenxu0624/Boston_E_Branch_Sign/main/Pole97_Sign2.jpg,-71.109138900000005,42.3333139,Greenline_Stop_Sign
6,5,Pole6_Sign5.jpg,regulatory,greenline_related,normal,readable,normal_readable,https://raw.githubusercontent.com/helenxu0624/Boston_E_Branch_Sign/main/Pole6_Sign5.jpg,-71.111599999999996,42.331200000000003,Law_No_Pass_Trolley
23,1,Pole23_Sign1.jpg,regulatory,greenline_related,bad,faded,bad_faded,https://raw.githubusercontent.com/helenxu0624/Boston_E_Branch_Sign/main/Pole23_Sign1.jpg,-71.110799999999998,42.329000000000001,Law_No_Pass_Trolley
44,1,Pole44_Sign1.jpg,transit,greenline_related,good,readable,good_readable,https://raw.githubusercontent.com/helenxu0624/Boston_E_Branch_Sign/main/Pole44_Sign1.jpg,-71.11,42.333016700000002,T_Stop_Marker
67,1,Pole67_Sign1.jpg,transit,greenline_related,good,readable,good_readable,https://raw.githubusercontent.com/helenxu0624/Boston_E_Branch_Sign/main/Pole67_Sign1.jpg,-71.105902799999996,42.333488899999999,T_Stop_Marker
80,1,Pole80_Sign1.jpg,transit,greenline_related,good,readable,good_readable,https://raw.githubusercontent.com/helenxu0624/Boston_E_Branch_Sign/main/Pole80_Sign1.jpg,-71.105780600000003,42.333763900000001,T_Stop_Marker
114,1,Pole114_Sign1.jpg,warning,greenline_related,good,readable,good_readable,https://raw.githubusercontent.com/helenxu0624/Boston_E_Branch_Sign/main/Pole114_Sign1.jpg,-71.110108299999993,42.328411099999997,Track_Crossing_Danger
2,1,Pole2_Sign1.jpg,warning,greenline_related,good,readable,good_readable,https://raw.githubusercontent.com/helenxu0624/Boston_E_Branch_Sign/main/Pole2_Sign1.jpg,-71.111800000000002,42.331600000000002,Track_Slippery
7,1,Pole7_Sign1.jpg,warning,greenline_related,good,readable,good_readable,https://raw.githubusercontent.com/helenxu0624/Boston_E_Branch_Sign/main/Pole7_Sign1.jpg,-71.111800000000002,42.331299999999999,Track_Slippery
35,3,Pole35_Sign3.jpg,warning,greenline_related,normal,readable,normal_readable,https://raw.githubusercontent.com/helenxu0624/Boston_E_Branch_Sign/main/Pole35_Sign3.jpg,-71.111527800000005,42.332180600000001,Track_Slippery
45,1,Pole45_Sign1.jpg,warning,greenline_related,good,readable,good_readable,https://raw.githubusercontent.com/helenxu0624/Boston_E_Branch_Sign/main/Pole45_Sign1.jpg,-71.109925000000004,42.333077799999998,Track_Slippery
88,1,Pole88_Sign1.jpg,warning,greenline_related,good,readable,good_readable,https://raw.githubusercontent.com/helenxu0624/Boston_E_Branch_Sign/main/Pole88_Sign1.jpg,-71.107138899999995,42.3332944,Track_Slippery
108,1,Pole108_Sign1.jpg,warning,greenline_related,good,readable,good_readable,https://raw.githubusercontent.com/helenxu0624/Boston_E_Branch_Sign/main/Pole108_Sign1.jpg,-71.111647199999993,42.332366700000001,Track_Slippery
115,1,Pole115_Sign1.jpg,information,greenline_related,good,readable,good_readable,https://raw.githubusercontent.com/helenxu0624/Boston_E_Branch_Sign/main/Pole115_Sign1.jpg,-71.110174999999998,42.328311100000001,Trolley_Service_Notice
3,1,Pole3_Sign1.jpg,warning,greenline_related,good,readable,good_readable,https://raw.githubusercontent.com/helenxu0624/Boston_E_Branch_Sign/main/Pole3_Sign1.jpg,-71.111699999999999,42.331499999999998,Vertical_Clearance
6,1,Pole6_Sign1.jpg,warning,greenline_related,good,readable,good_readable,https://raw.githubusercontent.com/helenxu0624/Boston_E_Branch_Sign/main/Pole6_Sign1.jpg,-71.111599999999996,42.331200000000003,Yield_Trolley
43,2,Pole43_Sign2.jpg,warning,greenline_related,good,readable,good_readable,https://raw.githubusercontent.com/helenxu0624/Boston_E_Branch_Sign/main/Pole43_Sign2.jpg,-71.110122200000006,42.333002800000003,Yield_Trolley
94,1,Pole94_Sign1.jpg,warning,greenline_related,good,readable,good_readable,https://raw.githubusercontent.com/helenxu0624/Boston_E_Branch_Sign/main/Pole94_Sign1.jpg,-71.108727799999997,42.333369400000002,Yield_Trolley
8,1,Pole8_Sign1.jpg,transit,bus_related,good,readable,good_readable,https://raw.githubusercontent.com/helenxu0624/Boston_E_Branch_Sign/main/Pole8_Sign1.jpg,-71.111800000000002,42.331299999999999,Bus_Stop
19,1,Pole19_Sign1.jpg,transit,bus_related,good,readable,good_readable,https://raw.githubusercontent.com/helenxu0624/Boston_E_Branch_Sign/main/Pole19_Sign1.jpg,-71.111000000000004,42.3292,Bus_Stop
20,1,Pole20_Sign1.jpg,transit,bus_related,good,readable,good_readable,https://raw.githubusercontent.com/helenxu0624/Boston_E_Branch_Sign/main/Pole20_Sign1.jpg,-71.111000000000004,42.3292,Bus_Stop
24,1,Pole24_Sign1.jpg,transit,bus_related,good,readable,good_readable,https://raw.githubusercontent.com/helenxu0624/Boston_E_Branch_Sign/main/Pole24_Sign1.jpg,-71.110900000000001,42.3294,Bus_Stop
24,2,Pole24_Sign2.jpg,transit,bus_related,good,readable,good_readable,https://raw.githubusercontent.com/helenxu0624/Boston_E_Branch_Sign/main/Pole24_Sign2.jpg,-71.110900000000001,42.329500000000003,Bus_Stop
46,1,Pole46_Sign1.jpg,transit,bus_related,good,readable,good_readable,https://raw.githubusercontent.com/helenxu0624/Boston_E_Branch_Sign/main/Pole46_Sign1.jpg,-71.109719400000003,42.333041700000003,Bus_Stop
68,1,Pole68_Sign1.jpg,transit,bus_related,good,readable,good_readable,https://raw.githubusercontent.com/helenxu0624/Boston_E_Branch_Sign/main/Pole68_Sign1.jpg,-71.105766700000004,42.333572199999999,Bus_Stop
68,2,Pole68_Sign2.jpg,transit,bus_related,good,readable,good_readable,https://raw.githubusercontent.com/helenxu0624/Boston_E_Branch_Sign/main/Pole68_Sign2.jpg,-71.105766700000004,42.333572199999999,Bus_Stop
82,1,Pole82_Sign1.jpg,transit,bus_related,good,readable,good_readable,https://raw.githubusercontent.com/helenxu0624/Boston_E_Branch_Sign/main/Pole82_Sign1.jpg,-71.106033300000007,42.333630599999999,Bus_Stop
82,2,Pole82_Sign2.jpg,transit,bus_related,good,readable,good_readable,https://raw.githubusercontent.com/helenxu0624/Boston_E_Branch_Sign/main/Pole82_Sign2.jpg,-71.106033300000007,42.333630599999999,Bus_Stop
98,1,Pole98_Sign1.jpg,transit,bus_related,good,readable,good_readable,https://raw.githubusercontent.com/helenxu0624/Boston_E_Branch_Sign/main/Pole98_Sign1.jpg,-71.109177799999998,42.333277799999998,Bus_Stop
98,2,Pole98_Sign2.jpg,transit,bus_related,good,readable,good_readable,https://raw.githubusercontent.com/helenxu0624/Boston_E_Branch_Sign/main/Pole98_Sign2.jpg,-71.109177799999998,42.333277799999998,Bus_Stop
4,1,Pole4_Sign1.jpg,regulatory,bus_related,normal,readable,normal_readable,https://raw.githubusercontent.com/helenxu0624/Boston_E_Branch_Sign/main/Pole4_Sign1.jpg,-71.111699999999999,42.331499999999998,Tow_Zone_Bus
11,1,Pole11_Sign1.jpg,transit,bus_related,good,readable,good_readable,https://raw.githubusercontent.com/helenxu0624/Boston_E_Branch_Sign/main/Pole11_Sign1.jpg,-71.111999999999995,42.331499999999998,Tow_Zone_Bus
44,2,Pole44_Sign2.jpg,transit,bus_related,good,readable,good_readable,https://raw.githubusercontent.com/helenxu0624/Boston_E_Branch_Sign/main/Pole44_Sign2.jpg,-71.109947199999993,42.333069399999999,Tow_Zone_Bus
65,1,Pole65_Sign1.jpg,transit,bus_related,good,readable,good_readable,https://raw.githubusercontent.com/helenxu0624/Boston_E_Branch_Sign/main/Pole65_Sign1.jpg,-71.106047200000006,42.333419399999997,Tow_Zone_Bus
81,1,Pole81_Sign1.jpg,transit,bus_related,good,readable,good_readable,https://raw.githubusercontent.com/helenxu0624/Boston_E_Branch_Sign/main/Pole81_Sign1.jpg,-71.105811099999997,42.3337444,Tow_Zone_Bus
95,1,Pole95_Sign1.jpg,transit,bus_related,good,readable,good_readable,https://raw.githubusercontent.com/helenxu0624/Boston_E_Branch_Sign/main/Pole95_Sign1.jpg,-71.108794399999994,42.333325000000002,Tow_Zone_Bus
27,2,Pole27_Sign2.jpg,regulatory,other,good,readable,good_readable,https://raw.githubusercontent.com/helenxu0624/Boston_E_Branch_Sign/main/Pole27_Sign2.jpg,-71.111000000000004,42.329599999999999,Access_Restriction
106,3,Pole106_Sign3.jpg,regulatory,other,bad,readable,bad_readable,https://raw.githubusercontent.com/helenxu0624/Boston_E_Branch_Sign/main/Pole106_Sign3.jpg,-71.111000000000004,42.3327417,Accessible_Parking
36,1,Pole36_Sign1.jpg,regulatory,other,normal,readable,normal_readable,https://raw.githubusercontent.com/helenxu0624/Boston_E_Branch_Sign/main/Pole36_Sign1.jpg,-71.111497200000002,42.332225000000001,Bike_Full_Lane
57,1,Pole57_Sign1.jpg,regulatory,other,normal,readable,normal_readable,https://raw.githubusercontent.com/helenxu0624/Boston_E_Branch_Sign/main/Pole57_Sign1.jpg,-71.107741700000005,42.333122199999998,Bike_Full_Lane
83,1,Pole83_Sign1.jpg,regulatory,other,good,readable,good_readable,https://raw.githubusercontent.com/helenxu0624/Boston_E_Branch_Sign/main/Pole83_Sign1.jpg,-71.106247199999999,42.333497199999996,Bike_Full_Lane
70,2,Pole70_Sign2.jpg,guide,other,normal,readable,normal_readable,https://raw.githubusercontent.com/helenxu0624/Boston_E_Branch_Sign/main/Pole70_Sign2.jpg,-71.105683299999995,42.333644399999997,Commercial_Parking
111,1,Pole111_Sign1.jpg,regulatory,other,good,readable,good_readable,https://raw.githubusercontent.com/helenxu0624/Boston_E_Branch_Sign/main/Pole111_Sign1.jpg,-71.110419399999998,42.328800000000001,Construction_Vehicle_Parking
71,2,Pole71_Sign2.jpg,regulatory,other,good,readable,good_readable,https://raw.githubusercontent.com/helenxu0624/Boston_E_Branch_Sign/main/Pole71_Sign2.jpg,-71.105491700000002,42.333733299999999,Do_Not_Block_Intersection
79,1,Pole79_Sign1.jpg,regulatory,other,good,readable,good_readable,https://raw.githubusercontent.com/helenxu0624/Boston_E_Branch_Sign/main/Pole79_Sign1.jpg,-71.105727799999997,42.333794400000002,Do_Not_Block_Intersection
90,1,Pole90_Sign1.jpg,warning,other,bad,readable,bad_readable,https://raw.githubusercontent.com/helenxu0624/Boston_E_Branch_Sign/main/Pole90_Sign1.jpg,-71.107627800000003,42.333369400000002,Drive_Slow
51,1,Pole51_Sign1.jpg,regulatory,other,good,readable,good_readable,https://raw.githubusercontent.com/helenxu0624/Boston_E_Branch_Sign/main/Pole51_Sign1.jpg,-71.109183299999998,42.333122199999998,Emergency_Vehicle_Access
52,1,Pole52_Sign1.jpg,regulatory,other,normal,readable,normal_readable,https://raw.githubusercontent.com/helenxu0624/Boston_E_Branch_Sign/main/Pole52_Sign1.jpg,-71.109025000000003,42.333141699999999,Emergency_Vehicle_Access
71,1,Pole71_Sign1.jpg,warning,other,good,readable,good_readable,https://raw.githubusercontent.com/helenxu0624/Boston_E_Branch_Sign/main/Pole71_Sign1.jpg,-71.105505600000001,42.3337444,Lane_Shift
17,1,Pole17_Sign1.jpg,regulatory,other,good,readable,good_readable,https://raw.githubusercontent.com/helenxu0624/Boston_E_Branch_Sign/main/Pole17_Sign1.jpg,-71.111199999999997,42.329599999999999,Left_Lane
22,1,Pole22_Sign1.jpg,regulatory,other,good,readable,good_readable,https://raw.githubusercontent.com/helenxu0624/Boston_E_Branch_Sign/main/Pole22_Sign1.jpg,-71.111000000000004,42.329099999999997,Left_Lane
71,5,Pole71_Sign5.jpg,regulatory,other,bad,readable,bad_readable,https://raw.githubusercontent.com/helenxu0624/Boston_E_Branch_Sign/main/Pole71_Sign5.jpg,-71.105483300000003,42.333755600000003,Loading_Zone
73,2,Pole73_Sign2.jpg,regulatory,other,normal,faded,normal_faded,https://raw.githubusercontent.com/helenxu0624/Boston_E_Branch_Sign/main/Pole73_Sign2.jpg,-71.105324999999993,42.333836099999999,Loading_Zone
76,1,Pole76_Sign1.jpg,regulatory,other,normal,faded,normal_faded,https://raw.githubusercontent.com/helenxu0624/Boston_E_Branch_Sign/main/Pole76_Sign1.jpg,-71.105063900000005,42.333916700000003,Loading_Zone
6,2,Pole6_Sign2.jpg,other,other,bad,unreadable,bad_unreadable,https://raw.githubusercontent.com/helenxu0624/Boston_E_Branch_Sign/main/Pole6_Sign2.jpg,-71.111599999999996,42.331200000000003,N/A
6,3,Pole6_Sign3.jpg,other,other,bad,unreadable,bad_unreadable,https://raw.githubusercontent.com/helenxu0624/Boston_E_Branch_Sign/main/Pole6_Sign3.jpg,-71.111599999999996,42.331200000000003,N/A
6,4,Pole6_Sign4.jpg,other,other,bad,unreadable,bad_unreadable,https://raw.githubusercontent.com/helenxu0624/Boston_E_Branch_Sign/main/Pole6_Sign4.jpg,-71.111599999999996,42.331200000000003,N/A
78,2,Pole78_Sign2.jpg,regulatory,other,good,readable,good_readable,https://raw.githubusercontent.com/helenxu0624/Boston_E_Branch_Sign/main/Pole78_Sign2.jpg,-71.105561100000003,42.333819400000003,No_Trucks
31,1,Pole31_Sign1.jpg,regulatory,other,normal,readable,normal_readable,https://raw.githubusercontent.com/helenxu0624/Boston_E_Branch_Sign/main/Pole31_Sign1.jpg,-71.112122200000002,42.331980600000001,No_Turn_On_Red
48,1,Pole48_Sign1.jpg,regulatory,other,bad,readable,bad_readable,https://raw.githubusercontent.com/helenxu0624/Boston_E_Branch_Sign/main/Pole48_Sign1.jpg,-71.109519399999996,42.333102799999999,No_Turn_On_Red
75,1,Pole75_Sign1.jpg,regulatory,other,bad,unreadable,bad_unreadable,https://raw.githubusercontent.com/helenxu0624/Boston_E_Branch_Sign/main/Pole75_Sign1.jpg,-71.105063900000005,42.333888899999998,No_Turn_On_Red
99,1,Pole99_Sign1.jpg,regulatory,other,good,readable,good_readable,https://raw.githubusercontent.com/helenxu0624/Boston_E_Branch_Sign/main/Pole99_Sign1.jpg,-71.109352799999996,42.333302799999998,No_Turn_On_Red
99,2,Pole99_Sign2.jpg,regulatory,other,good,readable,good_readable,https://raw.githubusercontent.com/helenxu0624/Boston_E_Branch_Sign/main/Pole99_Sign2.jpg,-71.109388899999999,42.333277799999998,No_Turn_On_Red
101,1,Pole101_Sign1.jpg,regulatory,other,good,readable,good_readable,https://raw.githubusercontent.com/helenxu0624/Boston_E_Branch_Sign/main/Pole101_Sign1.jpg,-71.1095361,42.333283299999998,No_Turn_On_Red
53,1,Pole53_Sign1.jpg,regulatory,other,good,readable,good_readable,https://raw.githubusercontent.com/helenxu0624/Boston_E_Branch_Sign/main/Pole53_Sign1.jpg,-71.108908299999996,42.3331722,No_U_Turn
71,3,Pole71_Sign3.jpg,guide,other,good,readable,good_readable,https://raw.githubusercontent.com/helenxu0624/Boston_E_Branch_Sign/main/Pole71_Sign3.jpg,-71.105483300000003,42.333755600000003,Parking_Direction
61,1,Pole61_Sign1.jpg,warning,other,normal,readable,normal_readable,https://raw.githubusercontent.com/helenxu0624/Boston_E_Branch_Sign/main/Pole61_Sign1.jpg,-71.1073083,42.333113900000001,Pedestrian_Crossing
70,1,Pole70_Sign1.jpg,warning,other,normal,readable,normal_readable,https://raw.githubusercontent.com/helenxu0624/Boston_E_Branch_Sign/main/Pole70_Sign1.jpg,-71.105683299999995,42.333644399999997,Pedestrian_Crossing
50,1,Pole50_Sign1.jpg,regulatory,other,good,readable,good_readable,https://raw.githubusercontent.com/helenxu0624/Boston_E_Branch_Sign/main/Pole50_Sign1.jpg,-71.1092917,42.333138900000002,Pedestrian_Yield
102,1,Pole102_Sign1.jpg,regulatory,other,good,readable,good_readable,https://raw.githubusercontent.com/helenxu0624/Boston_E_Branch_Sign/main/Pole102_Sign1.jpg,-71.109597199999996,42.333272200000003,Pedestrian_Yield
28,1,Pole28_Sign1.jpg,regulatory,other,good,readable,good_readable,https://raw.githubusercontent.com/helenxu0624/Boston_E_Branch_Sign/main/Pole28_Sign1.jpg,-71.111000000000004,42.329599999999999,Private_Property
27,1,Pole27_Sign1.jpg,regulatory,other,good,readable,good_readable,https://raw.githubusercontent.com/helenxu0624/Boston_E_Branch_Sign/main/Pole27_Sign1.jpg,-71.111000000000004,42.329599999999999,Resident_Parking
32,2,Pole32_Sign2.jpg,regulatory,other,normal,readable,normal_readable,https://raw.githubusercontent.com/helenxu0624/Boston_E_Branch_Sign/main/Pole32_Sign2.jpg,-71.111877800000002,42.332016699999997,Resident_Parking
35,2,Pole35_Sign2.jpg,regulatory,other,normal,faded,normal_faded,https://raw.githubusercontent.com/helenxu0624/Boston_E_Branch_Sign/main/Pole35_Sign2.jpg,-71.111580599999996,42.332174999999999,Resident_Parking
38,1,Pole38_Sign1.jpg,regulatory,other,normal,readable,normal_readable,https://raw.githubusercontent.com/helenxu0624/Boston_E_Branch_Sign/main/Pole38_Sign1.jpg,-71.111191700000006,42.3324444,Resident_Parking
40,1,Pole40_Sign1.jpg,regulatory,other,normal,readable,normal_readable,https://raw.githubusercontent.com/helenxu0624/Boston_E_Branch_Sign/main/Pole40_Sign1.jpg,-71.111047200000002,42.3325417,Resident_Parking
41,1,Pole41_Sign1.jpg,regulatory,other,normal,readable,normal_readable,https://raw.githubusercontent.com/helenxu0624/Boston_E_Branch_Sign/main/Pole41_Sign1.jpg,-71.110808300000002,42.3326694,Resident_Parking
42,1,Pole42_Sign1.jpg,regulatory,other,normal,readable,normal_readable,https://raw.githubusercontent.com/helenxu0624/Boston_E_Branch_Sign/main/Pole42_Sign1.jpg,-71.11045,42.332794399999997,Resident_Parking
43,1,Pole43_Sign1.jpg,regulatory,other,normal,readable,normal_readable,https://raw.githubusercontent.com/helenxu0624/Boston_E_Branch_Sign/main/Pole43_Sign1.jpg,-71.110191700000001,42.332941699999999,Resident_Parking
49,1,Pole49_Sign1.jpg,regulatory,other,normal,readable,normal_readable,https://raw.githubusercontent.com/helenxu0624/Boston_E_Branch_Sign/main/Pole49_Sign1.jpg,-71.109480599999998,42.333130599999997,Resident_Parking
53,2,Pole53_Sign2.jpg,regulatory,other,normal,readable,normal_readable,https://raw.githubusercontent.com/helenxu0624/Boston_E_Branch_Sign/main/Pole53_Sign2.jpg,-71.108908299999996,42.3331722,Resident_Parking
55,1,Pole55_Sign1.jpg,regulatory,other,normal,readable,normal_readable,https://raw.githubusercontent.com/helenxu0624/Boston_E_Branch_Sign/main/Pole55_Sign1.jpg,-71.108483300000003,42.333161099999998,Resident_Parking
56,2,Pole56_Sign2.jpg,regulatory,other,normal,readable,normal_readable,https://raw.githubusercontent.com/helenxu0624/Boston_E_Branch_Sign/main/Pole56_Sign2.jpg,-71.1082222,42.333144400000002,Resident_Parking
58,2,Pole58_Sign2.jpg,regulatory,other,normal,readable,normal_readable,https://raw.githubusercontent.com/helenxu0624/Boston_E_Branch_Sign/main/Pole58_Sign2.jpg,-71.107741700000005,42.333122199999998,Resident_Parking
59,1,Pole59_Sign1.jpg,regulatory,other,normal,readable,normal_readable,https://raw.githubusercontent.com/helenxu0624/Boston_E_Branch_Sign/main/Pole59_Sign1.jpg,-71.107544399999995,42.333113900000001,Resident_Parking
63,1,Pole63_Sign1.jpg,regulatory,other,normal,readable,normal_readable,https://raw.githubusercontent.com/helenxu0624/Boston_E_Branch_Sign/main/Pole63_Sign1.jpg,-71.106650000000002,42.333161099999998,Resident_Parking
84,2,Pole84_Sign2.jpg,regulatory,other,good,faded,good_faded,https://raw.githubusercontent.com/helenxu0624/Boston_E_Branch_Sign/main/Pole84_Sign2.jpg,-71.106588900000006,42.333366699999999,Resident_Parking
85,1,Pole85_Sign1.jpg,regulatory,other,good,faded,good_faded,https://raw.githubusercontent.com/helenxu0624/Boston_E_Branch_Sign/main/Pole85_Sign1.jpg,-71.106613899999999,42.333338900000001,Resident_Parking
86,2,Pole86_Sign2.jpg,regulatory,other,good,faded,good_faded,https://raw.githubusercontent.com/helenxu0624/Boston_E_Branch_Sign/main/Pole86_Sign2.jpg,-71.106858299999999,42.333363900000002,Resident_Parking
89,1,Pole89_Sign1.jpg,regulatory,other,good,faded,good_faded,https://raw.githubusercontent.com/helenxu0624/Boston_E_Branch_Sign/main/Pole89_Sign1.jpg,-71.107466700000003,42.333344400000001,Resident_Parking
91,1,Pole91_Sign1.jpg,regulatory,other,good,faded,good_faded,https://raw.githubusercontent.com/helenxu0624/Boston_E_Branch_Sign/main/Pole91_Sign1.jpg,-71.107680599999995,42.333347199999999,Resident_Parking
92,1,Pole92_Sign1.jpg,regulatory,other,good,faded,good_faded,https://raw.githubusercontent.com/helenxu0624/Boston_E_Branch_Sign/main/Pole92_Sign1.jpg,-71.108024999999998,42.333355599999997,Resident_Parking
93,2,Pole93_Sign2.jpg,regulatory,other,good,faded,good_faded,https://raw.githubusercontent.com/helenxu0624/Boston_E_Branch_Sign/main/Pole93_Sign2.jpg,-71.108330600000002,42.333377800000001,Resident_Parking
100,2,Pole100_Sign2.jpg,regulatory,other,bad,faded,bad_faded,https://raw.githubusercontent.com/helenxu0624/Boston_E_Branch_Sign/main/Pole100_Sign2.jpg,-71.109413900000007,42.333283299999998,Resident_Parking
103,2,Pole103_Sign2.jpg,regulatory,other,good,readable,good_readable,https://raw.githubusercontent.com/helenxu0624/Boston_E_Branch_Sign/main/Pole103_Sign2.jpg,-71.110230599999994,42.333072199999997,Resident_Parking
104,2,Pole104_Sign2.jpg,regulatory,other,good,readable,good_readable,https://raw.githubusercontent.com/helenxu0624/Boston_E_Branch_Sign/main/Pole104_Sign2.jpg,-71.110650000000007,42.332855600000002,Resident_Parking
105,1,Pole105_Sign1.jpg,regulatory,other,good,readable,good_readable,https://raw.githubusercontent.com/helenxu0624/Boston_E_Branch_Sign/main/Pole105_Sign1.jpg,-71.110855599999994,42.3328639,Resident_Parking
106,1,Pole106_Sign1.jpg,regulatory,other,good,readable,good_readable,https://raw.githubusercontent.com/helenxu0624/Boston_E_Branch_Sign/main/Pole106_Sign1.jpg,-71.111000000000004,42.3327417,Resident_Parking
107,1,Pole107_Sign1.jpg,regulatory,other,good,faded,good_faded,https://raw.githubusercontent.com/helenxu0624/Boston_E_Branch_Sign/main/Pole107_Sign1.jpg,-71.111358300000006,42.332549999999998,Resident_Parking
108,2,Pole108_Sign2.jpg,regulatory,other,good,readable,good_readable,https://raw.githubusercontent.com/helenxu0624/Boston_E_Branch_Sign/main/Pole108_Sign2.jpg,-71.111647199999993,42.332366700000001,Resident_Parking
109,2,Pole109_Sign2.jpg,regulatory,other,good,readable,good_readable,https://raw.githubusercontent.com/helenxu0624/Boston_E_Branch_Sign/main/Pole109_Sign2.jpg,-71.111830600000005,42.3322444,Resident_Parking
5,2,Pole5_Sign2.jpg,regulatory,other,good,readable,good_readable,https://raw.githubusercontent.com/helenxu0624/Boston_E_Branch_Sign/main/Pole5_Sign2.jpg,-71.111800000000002,42.331499999999998,Right_Lane
33,1,Pole33_Sign1.jpg,guide,other,normal,readable,normal_readable,https://raw.githubusercontent.com/helenxu0624/Boston_E_Branch_Sign/main/Pole33_Sign1.jpg,-71.111633299999994,42.332144399999997,Route_9_Direction
109,1,Pole109_Sign1.jpg,guide,other,good,readable,good_readable,https://raw.githubusercontent.com/helenxu0624/Boston_E_Branch_Sign/main/Pole109_Sign1.jpg,-71.111830600000005,42.3322444,Route_9_Direction
47,1,Pole47_Sign1.jpg,regulatory,other,good,readable,good_readable,https://raw.githubusercontent.com/helenxu0624/Boston_E_Branch_Sign/main/Pole47_Sign1.jpg,-71.109663900000001,42.333083299999998,Rubbish_Disposal
82,3,Pole82_Sign3.jpg,transit,other,good,unreadable,good_unreadable,https://raw.githubusercontent.com/helenxu0624/Boston_E_Branch_Sign/main/Pole82_Sign3.jpg,-71.106033300000007,42.333630599999999,Signal_Sign
1,2,Pole1_Sign2.jpg,regulatory,other,normal,readable,normal_readable,https://raw.githubusercontent.com/helenxu0624/Boston_E_Branch_Sign/main/Pole1_Sign2.jpg,-71.111900000000006,42.331699999999998,Street_Cleaning
12,2,Pole12_Sign2.jpg,regulatory,other,normal,readable,normal_readable,https://raw.githubusercontent.com/helenxu0624/Boston_E_Branch_Sign/main/Pole12_Sign2.jpg,-71.111599999999996,42.330300000000001,Street_Cleaning
16,1,Pole16_Sign1.jpg,regulatory,other,normal,readable,normal_readable,https://raw.githubusercontent.com/helenxu0624/Boston_E_Branch_Sign/main/Pole16_Sign1.jpg,-71.111199999999997,42.329700000000003,Street_Cleaning
29,1,Pole29_Sign1.jpg,regulatory,other,good,readable,good_readable,https://raw.githubusercontent.com/helenxu0624/Boston_E_Branch_Sign/main/Pole29_Sign1.jpg,-71.111099999999993,42.329599999999999,Street_Cleaning
30,2,Pole30_Sign2.jpg,regulatory,other,bad,faded,bad_faded,https://raw.githubusercontent.com/helenxu0624/Boston_E_Branch_Sign/main/Pole30_Sign2.jpg,-71.111199999999997,42.330100000000002,Street_Cleaning
72,1,Pole72_Sign1.jpg,regulatory,other,normal,readable,normal_readable,https://raw.githubusercontent.com/helenxu0624/Boston_E_Branch_Sign/main/Pole72_Sign1.jpg,-71.105391699999998,42.333794400000002,Street_Cleaning
106,2,Pole106_Sign2.jpg,regulatory,other,good,readable,good_readable,https://raw.githubusercontent.com/helenxu0624/Boston_E_Branch_Sign/main/Pole106_Sign2.jpg,-71.111000000000004,42.3327417,Street_Cleaning
27,3,Pole27_Sign3.jpg,regulatory,other,normal,readable,normal_readable,https://raw.githubusercontent.com/helenxu0624/Boston_E_Branch_Sign/main/Pole27_Sign3.jpg,-71.111000000000004,42.329599999999999,Tow_Warning
21,1,Pole21_Sign1.jpg,regulatory,other,good,readable,good_readable,https://raw.githubusercontent.com/helenxu0624/Boston_E_Branch_Sign/main/Pole21_Sign1.jpg,-71.111000000000004,42.3292,Tow_Zone
22,2,Pole22_Sign2.jpg,regulatory,other,good,readable,good_readable,https://raw.githubusercontent.com/helenxu0624/Boston_E_Branch_Sign/main/Pole22_Sign2.jpg,-71.111000000000004,42.329099999999997,Tow_Zone
23,2,Pole23_Sign2.jpg,regulatory,other,good,readable,good_readable,https://raw.githubusercontent.com/helenxu0624/Boston_E_Branch_Sign/main/Pole23_Sign2.jpg,-71.110799999999998,42.329000000000001,Tow_Zone
34,1,Pole34_Sign1.jpg,regulatory,other,normal,readable,normal_readable,https://raw.githubusercontent.com/helenxu0624/Boston_E_Branch_Sign/main/Pole34_Sign1.jpg,-71.111625000000004,42.332149999999999,Tow_Zone
36,2,Pole36_Sign2.jpg,regulatory,other,normal,readable,normal_readable,https://raw.githubusercontent.com/helenxu0624/Boston_E_Branch_Sign/main/Pole36_Sign2.jpg,-71.111480599999993,42.332222199999997,Tow_Zone
71,4,Pole71_Sign4.jpg,regulatory,other,normal,faded,normal_faded,https://raw.githubusercontent.com/helenxu0624/Boston_E_Branch_Sign/main/Pole71_Sign4.jpg,-71.105483300000003,42.333755600000003,Tow_Zone
73,1,Pole73_Sign1.jpg,regulatory,other,normal,faded,normal_faded,https://raw.githubusercontent.com/helenxu0624/Boston_E_Branch_Sign/main/Pole73_Sign1.jpg,-71.105324999999993,42.333836099999999,Tow_Zone
74,1,Pole74_Sign1.jpg,regulatory,other,normal,readable,normal_readable,https://raw.githubusercontent.com/helenxu0624/Boston_E_Branch_Sign/main/Pole74_Sign1.jpg,-71.105263899999997,42.333849999999998,Tow_Zone
76,3,Pole76_Sign3.jpg,regulatory,other,good,readable,good_readable,https://raw.githubusercontent.com/helenxu0624/Boston_E_Branch_Sign/main/Pole76_Sign3.jpg,-71.105063900000005,42.333916700000003,Tow_Zone
86,1,Pole86_Sign1.jpg,regulatory,other,good,readable,good_readable,https://raw.githubusercontent.com/helenxu0624/Boston_E_Branch_Sign/main/Pole86_Sign1.jpg,-71.106858299999999,42.333363900000002,Tow_Zone
110,2,Pole110_Sign2.jpg,regulatory,other,good,faded,good_faded,https://raw.githubusercontent.com/helenxu0624/Boston_E_Branch_Sign/main/Pole110_Sign2.jpg,-71.110650000000007,42.328830600000003,Tow_Zone
112,1,Pole112_Sign1.jpg,regulatory,other,bad,readable,bad_readable,https://raw.githubusercontent.com/helenxu0624/Boston_E_Branch_Sign/main/Pole112_Sign1.jpg,-71.110419399999998,42.328674999999997,Tow_Zone
113,1,Pole113_Sign1.jpg,regulatory,other,good,faded,good_faded,https://raw.githubusercontent.com/helenxu0624/Boston_E_Branch_Sign/main/Pole113_Sign1.jpg,-71.110261100000002,42.328572200000004,Tow_Zone
78,1,Pole78_Sign1.jpg,regulatory,other,good,readable,good_readable,https://raw.githubusercontent.com/helenxu0624/Boston_E_Branch_Sign/main/Pole78_Sign1.jpg,-71.105561100000003,42.333819400000003,Tow_Zone_Curb_Ramp
14,1,Pole14_Sign1.jpg,regulatory,other,bad,faded,bad_faded,https://raw.githubusercontent.com/helenxu0624/Boston_E_Branch_Sign/main/Pole14_Sign1.jpg,-71.1113,42.329900000000002,Tow_Zone_Parking
77,2,Pole77_Sign2.jpg,regulatory,other,good,readable,good_readable,https://raw.githubusercontent.com/helenxu0624/Boston_E_Branch_Sign/main/Pole77_Sign2.jpg,-71.105483300000003,42.333966699999998,Tow_Zone_Parking
3,2,Pole3_Sign2.jpg,regulatory,other,good,readable,good_readable,https://raw.githubusercontent.com/helenxu0624/Boston_E_Branch_Sign/main/Pole3_Sign2.jpg,-71.111699999999999,42.331499999999998,Tow_Zone_Snow
12,1,Pole12_Sign1.jpg,regulatory,other,good,readable,good_readable,https://raw.githubusercontent.com/helenxu0624/Boston_E_Branch_Sign/main/Pole12_Sign1.jpg,-71.111599999999996,42.330300000000001,Tow_Zone_Snow
15,1,Pole15_Sign1.jpg,regulatory,other,good,readable,good_readable,https://raw.githubusercontent.com/helenxu0624/Boston_E_Branch_Sign/main/Pole15_Sign1.jpg,-71.1113,42.329799999999999,Tow_Zone_Snow
29,2,Pole29_Sign2.jpg,regulatory,other,normal,readable,normal_readable,https://raw.githubusercontent.com/helenxu0624/Boston_E_Branch_Sign/main/Pole29_Sign2.jpg,-71.111099999999993,42.329599999999999,Tow_Zone_Snow
30,1,Pole30_Sign1.jpg,regulatory,other,bad,faded,bad_faded,https://raw.githubusercontent.com/helenxu0624/Boston_E_Branch_Sign/main/Pole30_Sign1.jpg,-71.111199999999997,42.330100000000002,Tow_Zone_Snow
32,1,Pole32_Sign1.jpg,regulatory,other,normal,readable,normal_readable,https://raw.githubusercontent.com/helenxu0624/Boston_E_Branch_Sign/main/Pole32_Sign1.jpg,-71.111877800000002,42.332016699999997,Tow_Zone_Street_Cleaning_Snow
35,1,Pole35_Sign1.jpg,regulatory,other,normal,readable,normal_readable,https://raw.githubusercontent.com/helenxu0624/Boston_E_Branch_Sign/main/Pole35_Sign1.jpg,-71.111580599999996,42.332174999999999,Tow_Zone_Street_Cleaning_Snow
37,1,Pole37_Sign1.jpg,regulatory,other,normal,readable,normal_readable,https://raw.githubusercontent.com/helenxu0624/Boston_E_Branch_Sign/main/Pole37_Sign1.jpg,-71.111305599999994,42.332344399999997,Tow_Zone_Street_Cleaning_Snow
39,1,Pole39_Sign1.jpg,regulatory,other,normal,readable,normal_readable,https://raw.githubusercontent.com/helenxu0624/Boston_E_Branch_Sign/main/Pole39_Sign1.jpg,-71.111061100000001,42.332536099999999,Tow_Zone_Street_Cleaning_Snow
41,2,Pole41_Sign2.jpg,regulatory,other,normal,readable,normal_readable,https://raw.githubusercontent.com/helenxu0624/Boston_E_Branch_Sign/main/Pole41_Sign2.jpg,-71.110808300000002,42.3326694,Tow_Zone_Street_Cleaning_Snow
42,2,Pole42_Sign2.jpg,regulatory,other,normal,readable,normal_readable,https://raw.githubusercontent.com/helenxu0624/Boston_E_Branch_Sign/main/Pole42_Sign2.jpg,-71.11045,42.332794399999997,Tow_Zone_Street_Cleaning_Snow
51,2,Pole51_Sign2.jpg,regulatory,other,normal,readable,normal_readable,https://raw.githubusercontent.com/helenxu0624/Boston_E_Branch_Sign/main/Pole51_Sign2.jpg,-71.109183299999998,42.333122199999998,Tow_Zone_Street_Cleaning_Snow
54,1,Pole54_Sign1.jpg,regulatory,other,normal,readable,normal_readable,https://raw.githubusercontent.com/helenxu0624/Boston_E_Branch_Sign/main/Pole54_Sign1.jpg,-71.1088472,42.333144400000002,Tow_Zone_Street_Cleaning_Snow
55,2,Pole55_Sign2.jpg,regulatory,other,normal,readable,normal_readable,https://raw.githubusercontent.com/helenxu0624/Boston_E_Branch_Sign/main/Pole55_Sign2.jpg,-71.108483300000003,42.333161099999998,Tow_Zone_Street_Cleaning_Snow
56,1,Pole56_Sign1.jpg,regulatory,other,normal,readable,normal_readable,https://raw.githubusercontent.com/helenxu0624/Boston_E_Branch_Sign/main/Pole56_Sign1.jpg,-71.1082222,42.333144400000002,Tow_Zone_Street_Cleaning_Snow
60,1,Pole60_Sign1.jpg,regulatory,other,normal,faded,normal_faded,https://raw.githubusercontent.com/helenxu0624/Boston_E_Branch_Sign/main/Pole60_Sign1.jpg,-71.107369399999996,42.333113900000001,Tow_Zone_Street_Cleaning_Snow
63,2,Pole63_Sign2.jpg,regulatory,other,bad,readable,bad_readable,https://raw.githubusercontent.com/helenxu0624/Boston_E_Branch_Sign/main/Pole63_Sign2.jpg,-71.106650000000002,42.333161099999998,Tow_Zone_Street_Cleaning_Snow
66,1,Pole66_Sign1.jpg,regulatory,other,bad,readable,bad_readable,https://raw.githubusercontent.com/helenxu0624/Boston_E_Branch_Sign/main/Pole66_Sign1.jpg,-71.106011100000003,42.333472200000003,Tow_Zone_Street_Cleaning_Snow
77,1,Pole77_Sign1.jpg,regulatory,other,normal,readable,normal_readable,https://raw.githubusercontent.com/helenxu0624/Boston_E_Branch_Sign/main/Pole77_Sign1.jpg,-71.105483300000003,42.333966699999998,Tow_Zone_Street_Cleaning_Snow
83,2,Pole83_Sign2.jpg,regulatory,other,good,readable,good_readable,https://raw.githubusercontent.com/helenxu0624/Boston_E_Branch_Sign/main/Pole83_Sign2.jpg,-71.106247199999999,42.333497199999996,Tow_Zone_Street_Cleaning_Snow
84,1,Pole84_Sign1.jpg,regulatory,other,good,readable,good_readable,https://raw.githubusercontent.com/helenxu0624/Boston_E_Branch_Sign/main/Pole84_Sign1.jpg,-71.106588900000006,42.333366699999999,Tow_Zone_Street_Cleaning_Snow
90,2,Pole90_Sign2.jpg,regulatory,other,good,readable,good_readable,https://raw.githubusercontent.com/helenxu0624/Boston_E_Branch_Sign/main/Pole90_Sign2.jpg,-71.107627800000003,42.333369400000002,Tow_Zone_Street_Cleaning_Snow
93,1,Pole93_Sign1.jpg,regulatory,other,good,readable,good_readable,https://raw.githubusercontent.com/helenxu0624/Boston_E_Branch_Sign/main/Pole93_Sign1.jpg,-71.108330600000002,42.333377800000001,Tow_Zone_Street_Cleaning_Snow
100,1,Pole100_Sign1.jpg,regulatory,other,good,readable,good_readable,https://raw.githubusercontent.com/helenxu0624/Boston_E_Branch_Sign/main/Pole100_Sign1.jpg,-71.109413900000007,42.333283299999998,Tow_Zone_Street_Cleaning_Snow
103,1,Pole103_Sign1.jpg,regulatory,other,good,readable,good_readable,https://raw.githubusercontent.com/helenxu0624/Boston_E_Branch_Sign/main/Pole103_Sign1.jpg,-71.110230599999994,42.333072199999997,Tow_Zone_Street_Cleaning_Snow
104,1,Pole104_Sign1.jpg,regulatory,other,good,faded,good_faded,https://raw.githubusercontent.com/helenxu0624/Boston_E_Branch_Sign/main/Pole104_Sign1.jpg,-71.110650000000007,42.332855600000002,Tow_Zone_Street_Cleaning_Snow
107,2,Pole107_Sign2.jpg,regulatory,other,good,readable,good_readable,https://raw.githubusercontent.com/helenxu0624/Boston_E_Branch_Sign/main/Pole107_Sign2.jpg,-71.111358300000006,42.332549999999998,Tow_Zone_Street_Cleaning_Snow
87,1,Pole87_Sign1.jpg,warning,other,good,faded,good_faded,https://raw.githubusercontent.com/helenxu0624/Boston_E_Branch_Sign/main/Pole87_Sign1.jpg,-71.106941699999993,42.333336099999997,Watch_For_Turning_Vehicles
110,1,Pole110_Sign1.jpg,regulatory,other,bad,readable,bad_readable,https://raw.githubusercontent.com/helenxu0624/Boston_E_Branch_Sign/main/Pole110_Sign1.jpg,-71.110650000000007,42.328830600000003,Yield
113,2,Pole113_Sign2.jpg,regulatory,other,good,readable,good_readable,https://raw.githubusercontent.com/helenxu0624/Boston_E_Branch_Sign/main/Pole113_Sign2.jpg,-71.110261100000002,42.328572200000004,Yield
