Transit_category,Transit_category_count,details,details_count,sample_photo,sample_photo_url
greenline_related,43,Do_Not_Pass_Trolley,13,Pole5_Sign1.jpg,https://raw.githubusercontent.com/helenxu0624/Boston_E_Branch_Sign/main/Pole5_Sign1.jpg
greenline_related,43,Greenline_Route_Information,1,Pole116_Sign1.jpg,https://raw.githubusercontent.com/helenxu0624/Boston_E_Branch_Sign/main/Pole116_Sign1.jpg
greenline_related,43,Greenline_Stop_Sign,12,Pole1_Sign1.jpg,https://raw.githubusercontent.com/helenxu0624/Boston_E_Branch_Sign/main/Pole1_Sign1.jpg
greenline_related,43,Law_No_Pass_Trolley,2,Pole6_Sign5.jpg,https://raw.githubusercontent.com/helenxu0624/Boston_E_Branch_Sign/main/Pole6_Sign5.jpg
greenline_related,43,T_Stop_Marker,3,Pole44_Sign1.jpg,https://raw.githubusercontent.com/helenxu0624/Boston_E_Branch_Sign/main/Pole44_Sign1.jpg
greenline_related,43,Track_Crossing_Danger,1,Pole114_Sign1.jpg,https://raw.githubusercontent.com/helenxu0624/Boston_E_Branch_Sign/main/Pole114_Sign1.jpg
greenline_related,43,Track_Slippery,6,Pole2_Sign1.jpg,https://raw.githubusercontent.com/helenxu0624/Boston_E_Branch_Sign/main/Pole2_Sign1.jpg
greenline_related,43,Trolley_Service_Notice,1,Pole115_Sign1.jpg,https://raw.githubusercontent.com/helenxu0624/Boston_E_Branch_Sign/main/Pole115_Sign1.jpg
greenline_related,43,Vertical_Clearance,1,Pole3_Sign1.jpg,https://raw.githubusercontent.com/helenxu0624/Boston_E_Branch_Sign/main/Pole3_Sign1.jpg
greenline_related,43,Yield_Trolley,3,Pole6_Sign1.jpg,https://raw.githubusercontent.com/helenxu0624/Boston_E_Branch_Sign/main/Pole6_Sign1.jpg
bus_related,18,Bus_Stop,12,Pole8_Sign1.jpg,https://raw.githubusercontent.com/helenxu0624/Boston_E_Branch_Sign/main/Pole8_Sign1.jpg
bus_related,18,Tow_Zone_Bus,6,Pole4_Sign1.jpg,https://raw.githubusercontent.com/helenxu0624/Boston_E_Branch_Sign/main/Pole4_Sign1.jpg
other,124,Access_Restriction,1,Pole27_Sign2.jpg,https://raw.githubusercontent.com/helenxu0624/Boston_E_Branch_Sign/main/Pole27_Sign2.jpg
other,124,Accessible_Parking,1,Pole106_Sign3.jpg,https://raw.githubusercontent.com/helenxu0624/Boston_E_Branch_Sign/main/Pole106_Sign3.jpg
other,124,Bike_Full_Lane,3,Pole36_Sign1.jpg,https://raw.githubusercontent.com/helenxu0624/Boston_E_Branch_Sign/main/Pole36_Sign1.jpg
other,124,Commercial_Parking,1,Pole70_Sign2.jpg,https://raw.githubusercontent.com/helenxu0624/Boston_E_Branch_Sign/main/Pole70_Sign2.jpg
other,124,Construction_Vehicle_Parking,1,Pole111_Sign1.jpg,https://raw.githubusercontent.com/helenxu0624/Boston_E_Branch_Sign/main/Pole111_Sign1.jpg
other,124,Do_Not_Block_Intersection,2,Pole71_Sign2.jpg,https://raw.githubusercontent.com/helenxu0624/Boston_E_Branch_Sign/main/Pole71_Sign2.jpg
other,124,Drive_Slow,1,Pole90_Sign1.jpg,https://raw.githubusercontent.com/helenxu0624/Boston_E_Branch_Sign/main/Pole90_Sign1.jpg
other,124,Emergency_Vehicle_Access,2,Pole51_Sign1.jpg,https://raw.githubusercontent.com/helenxu0624/Boston_E_Branch_Sign/main/Pole51_Sign1.jpg
other,124,Lane_Shift,1,Pole71_Sign1.jpg,https://raw.githubusercontent.com/helenxu0624/Boston_E_Branch_Sign/main/Pole71_Sign1.jpg
other,124,Left_Lane,2,Pole17_Sign1.jpg,https://raw.githubusercontent.com/helenxu0624/Boston_E_Branch_Sign/main/Pole17_Sign1.jpg
other,124,Loading_Zone,3,Pole71_Sign5.jpg,https://raw.githubusercontent.com/helenxu0624/Boston_E_Branch_Sign/main/Pole71_Sign5.jpg
other,124,N/A,3,Pole6_Sign2.jpg,https://raw.githubusercontent.com/helenxu0624/Boston_E_Branch_Sign/main/Pole6_Sign2.jpg
other,124,No_Trucks,1,Pole78_Sign2.jpg,https://raw.githubusercontent.com/helenxu0624/Boston_E_Branch_Sign/main/Pole78_Sign2.jpg
other,124,No_Turn_On_Red,6,Pole31_Sign1.jpg,https://raw.githubusercontent.com/helenxu0624/Boston_E_Branch_Sign/main/Pole31_Sign1.jpg
other,124,No_U_Turn,1,Pole53_Sign1.jpg,https://raw.githubusercontent.com/helenxu0624/Boston_E_Branch_Sign/main/Pole53_Sign1.jpg
other,124,Parking_Direction,1,Pole71_Sign3.jpg,https://raw.githubusercontent.com/helenxu0624/Boston_E_Branch_Sign/main/Pole71_Sign3.jpg
other,124,Pedestrian_Crossing,2,Pole61_Sign1.jpg,https://raw.githubusercontent.com/helenxu0624/Boston_E_Branch_Sign/main/Pole61_Sign1.jpg
other,124,Pedestrian_Yield,2,Pole50_Sign1.jpg,https://raw.githubusercontent.com/helenxu0624/Boston_E_Branch_Sign/main/Pole50_Sign1.jpg
other,124,Private_Property,1,Pole28_Sign1.jpg,https://raw.githubusercontent.com/helenxu0624/Boston_E_Branch_Sign/main/Pole28_Sign1.jpg
other,124,Resident_Parking,30,Pole27_Sign1.jpg,https://raw.githubusercontent.com/helenxu0624/Boston_E_Branch_Sign/main/Pole27_Sign1.jpg
other,124,Right_Lane,1,Pole5_Sign2.jpg,https://raw.githubusercontent.com/helenxu0624/Boston_E_Branch_Sign/main/Pole5_Sign2.jpg
other,124,Route_9_Direction,2,Pole33_Sign1.jpg,https://raw.githubusercontent.com/helenxu0624/Boston_E_Branch_Sign/main/Pole33_Sign1.jpg
other,124,Rubbish_Disposal,1,Pole47_Sign1.jpg,https://raw.githubusercontent.com/helenxu0624/Boston_E_Branch_Sign/main/Pole47_Sign1.jpg
other,124,Signal_Sign,1,Pole82_Sign3.jpg,https://raw.githubusercontent.com/helenxu0624/Boston_E_Branch_Sign/main/Pole82_Sign3.jpg
other,124,Street_Cleaning,7,Pole1_Sign2.jpg,https://raw.githubusercontent.com/helenxu0624/Boston_E_Branch_Sign/main/Pole1_Sign2.jpg
other,124,Tow_Warning,1,Pole27_Sign3.jpg,https://raw.githubusercontent.com/helenxu0624/Boston_E_Branch_Sign/main/Pole27_Sign3.jpg
other,124,Tow_Zone,13,Pole21_Sign1.jpg,https://raw.githubusercontent.com/helenxu0624/Boston_E_Branch_Sign/main/Pole21_Sign1.jpg
other,124,Tow_Zone_Curb_Ramp,1,Pole78_Sign1.jpg,https://raw.githubusercontent.com/helenxu0624/Boston_E_Branch_Sign/main/Pole78_Sign1.jpg
other,124,Tow_Zone_Parking,2,Pole14_Sign1.jpg,https://raw.githubusercontent.com/helenxu0624/Boston_E_Branch_Sign/main/Pole14_Sign1.jpg
other,124,Tow_Zone_Snow,5,Pole3_Sign2.jpg,https://raw.githubusercontent.com/helenxu0624/Boston_E_Branch_Sign/main/Pole3_Sign2.jpg
other,124,Tow_Zone_Street_Cleaning_Snow,22,Pole32_Sign1.jpg,https://raw.githubusercontent.com/helenxu0624/Boston_E_Branch_Sign/main/Pole32_Sign1.jpg
other,124,Watch_For_Turning_Vehicles,1,Pole87_Sign1.jpg,https://raw.githubusercontent.com/helenxu0624/Boston_E_Branch_Sign/main/Pole87_Sign1.jpg
other,124,Yield,2,Pole110_Sign1.jpg,https://raw.githubusercontent.com/helenxu0624/Boston_E_Branch_Sign/main/Pole110_Sign1.jpg
